index|name|sex|age|price|level|port|surviving
1|Braund, Mr. Owen Harris|male|22.0|7.25|3|S|0
2|Cumings, Mrs. John Bradley (Florence Briggs Thayer)|female|38.0|71.2833|1|C|1
3|Heikkinen, Miss. Laina|female|26.0|7.925|3|S|1
4|Futrelle, Mrs. Jacques Heath (Lily May Peel)|female|35.0|53.1|1|S|1
5|Allen, Mr. William Henry|male|35.0|8.05|3|S|0
6|Moran, Mr. James|male||8.4583|3|Q|0
7|McCarthy, Mr. Timothy J|male|54.0|51.8625|1|S|0
8|Palsson, Master. Gosta Leonard|male|2.0|21.075|3|S|0
9|Johnson, Mrs. Oscar W (Elisabeth Vilhelmina Berg)|female|27.0|11.1333|3|S|1
10|Nasser, Mrs. Nicholas (Adele Achem)|female|14.0|30.0708|2|C|1
11|Sandstrom, Miss. Marguerite Rut|female|4.0|16.7|3|S|1
12|Bonnell, Miss. Elizabeth|female|58.0|26.55|1|S|1
13|Saundercock, Mr. William Henry|male|20.0|8.05|3|S|0
14|Andersson, Mr. Anders Johan|male|39.0|31.275|3|S|0
15|Vestrom, Miss. Hulda Amanda Adolfina|female|14.0|7.8542|3|S|0
16|Hewlett, Mrs. (Mary D Kingcome) |female|55.0|16.0|2|S|1
17|Rice, Master. Eugene|male|2.0|29.125|3|Q|0
18|Williams, Mr. Charles Eugene|male||13.0|2|S|1
19|Vander Planke, Mrs. Julius (Emelia Maria Vandemoortele)|female|31.0|18.0|3|S|0
20|Masselmani, Mrs. Fatima|female||7.225|3|C|1
21|Fynney, Mr. Joseph J|male|35.0|26.0|2|S|0
22|Beesley, Mr. Lawrence|male|34.0|13.0|2|S|1
23|"McGowan, Miss. Anna ""Annie"""|female|15.0|8.0292|3|Q|1
24|Sloper, Mr. William Thompson|male|28.0|35.5|1|S|1
25|Palsson, Miss. Torborg Danira|female|8.0|21.075|3|S|0
26|Asplund, Mrs. Carl Oscar (Selma Augusta Emilia Johansson)|female|38.0|31.3875|3|S|1
27|Emir, Mr. Farred Chehab|male||7.225|3|C|0
28|Fortune, Mr. Charles Alexander|male|19.0|263.0|1|S|0
29|"O'Dwyer, Miss. Ellen ""Nellie"""|female||7.8792|3|Q|1
30|Todoroff, Mr. Lalio|male||7.8958|3|S|0
31|Uruchurtu, Don. Manuel E|male|40.0|27.7208|1|C|0
32|Spencer, Mrs. William Augustus (Marie Eugenie)|female||146.5208|1|C|1
33|Glynn, Miss. Mary Agatha|female||7.75|3|Q|1
34|Wheadon, Mr. Edward H|male|66.0|10.5|2|S|0
35|Meyer, Mr. Edgar Joseph|male|28.0|82.1708|1|C|0
36|Holverson, Mr. Alexander Oskar|male|42.0|52.0|1|S|0
37|Mamee, Mr. Hanna|male||7.2292|3|C|1
38|Cann, Mr. Ernest Charles|male|21.0|8.05|3|S|0
39|Vander Planke, Miss. Augusta Maria|female|18.0|18.0|3|S|0
40|Nicola-Yarred, Miss. Jamila|female|14.0|11.2417|3|C|1
41|Ahlin, Mrs. Johan (Johanna Persdotter Larsson)|female|40.0|9.475|3|S|0
42|Turpin, Mrs. William John Robert (Dorothy Ann Wonnacott)|female|27.0|21.0|2|S|0
43|Kraeff, Mr. Theodor|male||7.8958|3|C|0
44|Laroche, Miss. Simonne Marie Anne Andree|female|3.0|41.5792|2|C|1
45|Devaney, Miss. Margaret Delia|female|19.0|7.8792|3|Q|1
46|Rogers, Mr. William John|male||8.05|3|S|0
47|Lennon, Mr. Denis|male||15.5|3|Q|0
48|O'Driscoll, Miss. Bridget|female||7.75|3|Q|1
49|Samaan, Mr. Youssef|male||21.6792|3|C|0
50|Arnold-Franchi, Mrs. Josef (Josefine Franchi)|female|18.0|17.8|3|S|0
51|Panula, Master. Juha Niilo|male|7.0|39.6875|3|S|0
52|Nosworthy, Mr. Richard Cater|male|21.0|7.8|3|S|0
53|Harper, Mrs. Henry Sleeper (Myna Haxtun)|female|49.0|76.7292|1|C|1
54|Faunthorpe, Mrs. Lizzie (Elizabeth Anne Wilkinson)|female|29.0|26.0|2|S|1
55|Ostby, Mr. Engelhart Cornelius|male|65.0|61.9792|1|C|0
56|Woolner, Mr. Hugh|male||35.5|1|S|1
57|Rugg, Miss. Emily|female|21.0|10.5|2|S|1
58|Novel, Mr. Mansouer|male|28.5|7.2292|3|C|0
59|West, Miss. Constance Mirium|female|5.0|27.75|2|S|1
60|Goodwin, Master. William Frederick|male|11.0|46.9|3|S|0
61|Sirayanian, Mr. Orsen|male|22.0|7.2292|3|C|0
62|Icard, Miss. Amelie|female|38.0|80.0|1||1
63|Harris, Mr. Henry Birkhardt|male|45.0|83.475|1|S|0
64|Skoog, Master. Harald|male|4.0|27.9|3|S|0
65|Stewart, Mr. Albert A|male||27.7208|1|C|0
66|Moubarek, Master. Gerios|male||15.2458|3|C|1
67|Nye, Mrs. (Elizabeth Ramell)|female|29.0|10.5|2|S|1
68|Crease, Mr. Ernest James|male|19.0|8.1583|3|S|0
69|Andersson, Miss. Erna Alexandra|female|17.0|7.925|3|S|1
70|Kink, Mr. Vincenz|male|26.0|8.6625|3|S|0
71|Jenkin, Mr. Stephen Curnow|male|32.0|10.5|2|S|0
72|Goodwin, Miss. Lillian Amy|female|16.0|46.9|3|S|0
73|Hood, Mr. Ambrose Jr|male|21.0|73.5|2|S|0
74|Chronopoulos, Mr. Apostolos|male|26.0|14.4542|3|C|0
75|Bing, Mr. Lee|male|32.0|56.4958|3|S|1
76|Moen, Mr. Sigurd Hansen|male|25.0|7.65|3|S|0
77|Staneff, Mr. Ivan|male||7.8958|3|S|0
78|Moutal, Mr. Rahamin Haim|male||8.05|3|S|0
79|Caldwell, Master. Alden Gates|male|0.83|29.0|2|S|1
80|Dowdell, Miss. Elizabeth|female|30.0|12.475|3|S|1
81|Waelens, Mr. Achille|male|22.0|9.0|3|S|0
82|Sheerlinck, Mr. Jan Baptist|male|29.0|9.5|3|S|1
83|McDermott, Miss. Brigdet Delia|female||7.7875|3|Q|1
84|Carrau, Mr. Francisco M|male|28.0|47.1|1|S|0
85|Ilett, Miss. Bertha|female|17.0|10.5|2|S|1
86|Backstrom, Mrs. Karl Alfred (Maria Mathilda Gustafsson)|female|33.0|15.85|3|S|1
87|Ford, Mr. William Neal|male|16.0|34.375|3|S|0
88|Slocovski, Mr. Selman Francis|male||8.05|3|S|0
89|Fortune, Miss. Mabel Helen|female|23.0|263.0|1|S|1
90|Celotti, Mr. Francesco|male|24.0|8.05|3|S|0
91|Christmann, Mr. Emil|male|29.0|8.05|3|S|0
92|Andreasson, Mr. Paul Edvin|male|20.0|7.8542|3|S|0
93|Chaffee, Mr. Herbert Fuller|male|46.0|61.175|1|S|0
94|Dean, Mr. Bertram Frank|male|26.0|20.575|3|S|0
95|Coxon, Mr. Daniel|male|59.0|7.25|3|S|0
96|Shorney, Mr. Charles Joseph|male||8.05|3|S|0
97|Goldschmidt, Mr. George B|male|71.0|34.6542|1|C|0
98|Greenfield, Mr. William Bertram|male|23.0|63.3583|1|C|1
99|Doling, Mrs. John T (Ada Julia Bone)|female|34.0|23.0|2|S|1
100|Kantor, Mr. Sinai|male|34.0|26.0|2|S|0
101|Petranec, Miss. Matilda|female|28.0|7.8958|3|S|0
102|"Petroff, Mr. Pastcho (""Pentcho"")"|male||7.8958|3|S|0
103|White, Mr. Richard Frasar|male|21.0|77.2875|1|S|0
104|Johansson, Mr. Gustaf Joel|male|33.0|8.6542|3|S|0
105|Gustafsson, Mr. Anders Vilhelm|male|37.0|7.925|3|S|0
106|Mionoff, Mr. Stoytcho|male|28.0|7.8958|3|S|0
107|Salkjelsvik, Miss. Anna Kristine|female|21.0|7.65|3|S|1
108|Moss, Mr. Albert Johan|male||7.775|3|S|1
109|Rekic, Mr. Tido|male|38.0|7.8958|3|S|0
110|Moran, Miss. Bertha|female||24.15|3|Q|1
111|Porter, Mr. Walter Chamberlain|male|47.0|52.0|1|S|0
112|Zabour, Miss. Hileni|female|14.5|14.4542|3|C|0
113|Barton, Mr. David John|male|22.0|8.05|3|S|0
114|Jussila, Miss. Katriina|female|20.0|9.825|3|S|0
115|Attalah, Miss. Malake|female|17.0|14.4583|3|C|0
116|Pekoniemi, Mr. Edvard|male|21.0|7.925|3|S|0
117|Connors, Mr. Patrick|male|70.5|7.75|3|Q|0
118|Turpin, Mr. William John Robert|male|29.0|21.0|2|S|0
119|Baxter, Mr. Quigg Edmond|male|24.0|247.5208|1|C|0
120|Andersson, Miss. Ellis Anna Maria|female|2.0|31.275|3|S|0
121|Hickman, Mr. Stanley George|male|21.0|73.5|2|S|0
122|Moore, Mr. Leonard Charles|male||8.05|3|S|0
123|Nasser, Mr. Nicholas|male|32.5|30.0708|2|C|0
124|Webber, Miss. Susan|female|32.5|13.0|2|S|1
125|White, Mr. Percival Wayland|male|54.0|77.2875|1|S|0
126|Nicola-Yarred, Master. Elias|male|12.0|11.2417|3|C|1
127|McMahon, Mr. Martin|male||7.75|3|Q|0
128|Madsen, Mr. Fridtjof Arne|male|24.0|7.1417|3|S|1
129|Peter, Miss. Anna|female||22.3583|3|C|1
130|Ekstrom, Mr. Johan|male|45.0|6.975|3|S|0
131|Drazenoic, Mr. Jozef|male|33.0|7.8958|3|C|0
132|Coelho, Mr. Domingos Fernandeo|male|20.0|7.05|3|S|0
133|Robins, Mrs. Alexander A (Grace Charity Laury)|female|47.0|14.5|3|S|0
134|Weisz, Mrs. Leopold (Mathilde Francoise Pede)|female|29.0|26.0|2|S|1
135|Sobey, Mr. Samuel James Hayden|male|25.0|13.0|2|S|0
136|Richard, Mr. Emile|male|23.0|15.0458|2|C|0
137|Newsom, Miss. Helen Monypeny|female|19.0|26.2833|1|S|1
138|Futrelle, Mr. Jacques Heath|male|37.0|53.1|1|S|0
139|Osen, Mr. Olaf Elon|male|16.0|9.2167|3|S|0
140|Giglio, Mr. Victor|male|24.0|79.2|1|C|0
141|Boulos, Mrs. Joseph (Sultana)|female||15.2458|3|C|0
142|Nysten, Miss. Anna Sofia|female|22.0|7.75|3|S|1
143|Hakkarainen, Mrs. Pekka Pietari (Elin Matilda Dolck)|female|24.0|15.85|3|S|1
144|Burke, Mr. Jeremiah|male|19.0|6.75|3|Q|0
145|Andrew, Mr. Edgardo Samuel|male|18.0|11.5|2|S|0
146|Nicholls, Mr. Joseph Charles|male|19.0|36.75|2|S|0
147|"Andersson, Mr. August Edvard (""Wennerstrom"")"|male|27.0|7.7958|3|S|1
148|"Ford, Miss. Robina Maggie ""Ruby"""|female|9.0|34.375|3|S|0
149|"Navratil, Mr. Michel (""Louis M Hoffman"")"|male|36.5|26.0|2|S|0
150|Byles, Rev. Thomas Roussel Davids|male|42.0|13.0|2|S|0
151|Bateman, Rev. Robert James|male|51.0|12.525|2|S|0
152|Pears, Mrs. Thomas (Edith Wearne)|female|22.0|66.6|1|S|1
153|Meo, Mr. Alfonzo|male|55.5|8.05|3|S|0
154|van Billiard, Mr. Austin Blyler|male|40.5|14.5|3|S|0
155|Olsen, Mr. Ole Martin|male||7.3125|3|S|0
156|Williams, Mr. Charles Duane|male|51.0|61.3792|1|C|0
157|"Gilnagh, Miss. Katherine ""Katie"""|female|16.0|7.7333|3|Q|1
158|Corn, Mr. Harry|male|30.0|8.05|3|S|0
159|Smiljanic, Mr. Mile|male||8.6625|3|S|0
160|Sage, Master. Thomas Henry|male||69.55|3|S|0
161|Cribb, Mr. John Hatfield|male|44.0|16.1|3|S|0
162|"Watt, Mrs. James (Elizabeth ""Bessie"" Inglis Milne)"|female|40.0|15.75|2|S|1
163|Bengtsson, Mr. John Viktor|male|26.0|7.775|3|S|0
164|Calic, Mr. Jovo|male|17.0|8.6625|3|S|0
165|Panula, Master. Eino Viljami|male|1.0|39.6875|3|S|0
166|"Goldsmith, Master. Frank John William ""Frankie"""|male|9.0|20.525|3|S|1
167|Chibnall, Mrs. (Edith Martha Bowerman)|female||55.0|1|S|1
168|Skoog, Mrs. William (Anna Bernhardina Karlsson)|female|45.0|27.9|3|S|0
169|Baumann, Mr. John D|male||25.925|1|S|0
170|Ling, Mr. Lee|male|28.0|56.4958|3|S|0
171|Van der hoef, Mr. Wyckoff|male|61.0|33.5|1|S|0
172|Rice, Master. Arthur|male|4.0|29.125|3|Q|0
173|Johnson, Miss. Eleanor Ileen|female|1.0|11.1333|3|S|1
174|Sivola, Mr. Antti Wilhelm|male|21.0|7.925|3|S|0
175|Smith, Mr. James Clinch|male|56.0|30.6958|1|C|0
176|Klasen, Mr. Klas Albin|male|18.0|7.8542|3|S|0
177|Lefebre, Master. Henry Forbes|male||25.4667|3|S|0
178|Isham, Miss. Ann Elizabeth|female|50.0|28.7125|1|C|0
179|Hale, Mr. Reginald|male|30.0|13.0|2|S|0
180|Leonard, Mr. Lionel|male|36.0|0.0|3|S|0
181|Sage, Miss. Constance Gladys|female||69.55|3|S|0
182|Pernot, Mr. Rene|male||15.05|2|C|0
183|Asplund, Master. Clarence Gustaf Hugo|male|9.0|31.3875|3|S|0
184|Becker, Master. Richard F|male|1.0|39.0|2|S|1
185|Kink-Heilmann, Miss. Luise Gretchen|female|4.0|22.025|3|S|1
186|Rood, Mr. Hugh Roscoe|male||50.0|1|S|0
187|"O'Brien, Mrs. Thomas (Johanna ""Hannah"" Godfrey)"|female||15.5|3|Q|1
188|"Romaine, Mr. Charles Hallace (""Mr C Rolmane"")"|male|45.0|26.55|1|S|1
189|Bourke, Mr. John|male|40.0|15.5|3|Q|0
190|Turcin, Mr. Stjepan|male|36.0|7.8958|3|S|0
191|Pinsky, Mrs. (Rosa)|female|32.0|13.0|2|S|1
192|Carbines, Mr. William|male|19.0|13.0|2|S|0
193|Andersen-Jensen, Miss. Carla Christine Nielsine|female|19.0|7.8542|3|S|1
194|Navratil, Master. Michel M|male|3.0|26.0|2|S|1
195|Brown, Mrs. James Joseph (Margaret Tobin)|female|44.0|27.7208|1|C|1
196|Lurette, Miss. Elise|female|58.0|146.5208|1|C|1
197|Mernagh, Mr. Robert|male||7.75|3|Q|0
198|Olsen, Mr. Karl Siegwart Andreas|male|42.0|8.4042|3|S|0
199|"Madigan, Miss. Margaret ""Maggie"""|female||7.75|3|Q|1
200|"Yrois, Miss. Henriette (""Mrs Harbeck"")"|female|24.0|13.0|2|S|0
201|Vande Walle, Mr. Nestor Cyriel|male|28.0|9.5|3|S|0
202|Sage, Mr. Frederick|male||69.55|3|S|0
203|Johanson, Mr. Jakob Alfred|male|34.0|6.4958|3|S|0
204|Youseff, Mr. Gerious|male|45.5|7.225|3|C|0
205|"Cohen, Mr. Gurshon ""Gus"""|male|18.0|8.05|3|S|1
206|Strom, Miss. Telma Matilda|female|2.0|10.4625|3|S|0
207|Backstrom, Mr. Karl Alfred|male|32.0|15.85|3|S|0
208|Albimona, Mr. Nassef Cassem|male|26.0|18.7875|3|C|1
209|"Carr, Miss. Helen ""Ellen"""|female|16.0|7.75|3|Q|1
210|Blank, Mr. Henry|male|40.0|31.0|1|C|1
211|Ali, Mr. Ahmed|male|24.0|7.05|3|S|0
212|Cameron, Miss. Clear Annie|female|35.0|21.0|2|S|1
213|Perkin, Mr. John Henry|male|22.0|7.25|3|S|0
214|Givard, Mr. Hans Kristensen|male|30.0|13.0|2|S|0
215|Kiernan, Mr. Philip|male||7.75|3|Q|0
216|Newell, Miss. Madeleine|female|31.0|113.275|1|C|1
217|Honkanen, Miss. Eliina|female|27.0|7.925|3|S|1
218|Jacobsohn, Mr. Sidney Samuel|male|42.0|27.0|2|S|0
219|Bazzani, Miss. Albina|female|32.0|76.2917|1|C|1
220|Harris, Mr. Walter|male|30.0|10.5|2|S|0
221|Sunderland, Mr. Victor Francis|male|16.0|8.05|3|S|1
222|Bracken, Mr. James H|male|27.0|13.0|2|S|0
223|Green, Mr. George Henry|male|51.0|8.05|3|S|0
224|Nenkoff, Mr. Christo|male||7.8958|3|S|0
225|Hoyt, Mr. Frederick Maxfield|male|38.0|90.0|1|S|1
226|Berglund, Mr. Karl Ivar Sven|male|22.0|9.35|3|S|0
227|Mellors, Mr. William John|male|19.0|10.5|2|S|1
228|"Lovell, Mr. John Hall (""Henry"")"|male|20.5|7.25|3|S|0
229|Fahlstrom, Mr. Arne Jonas|male|18.0|13.0|2|S|0
230|Lefebre, Miss. Mathilde|female||25.4667|3|S|0
231|Harris, Mrs. Henry Birkhardt (Irene Wallach)|female|35.0|83.475|1|S|1
232|Larsson, Mr. Bengt Edvin|male|29.0|7.775|3|S|0
233|Sjostedt, Mr. Ernst Adolf|male|59.0|13.5|2|S|0
234|Asplund, Miss. Lillian Gertrud|female|5.0|31.3875|3|S|1
235|Leyson, Mr. Robert William Norman|male|24.0|10.5|2|S|0
236|Harknett, Miss. Alice Phoebe|female||7.55|3|S|0
237|Hold, Mr. Stephen|male|44.0|26.0|2|S|0
238|"Collyer, Miss. Marjorie ""Lottie"""|female|8.0|26.25|2|S|1
239|Pengelly, Mr. Frederick William|male|19.0|10.5|2|S|0
240|Hunt, Mr. George Henry|male|33.0|12.275|2|S|0
241|Zabour, Miss. Thamine|female||14.4542|3|C|0
242|"Murphy, Miss. Katherine ""Kate"""|female||15.5|3|Q|1
243|Coleridge, Mr. Reginald Charles|male|29.0|10.5|2|S|0
244|Maenpaa, Mr. Matti Alexanteri|male|22.0|7.125|3|S|0
245|Attalah, Mr. Sleiman|male|30.0|7.225|3|C|0
246|Minahan, Dr. William Edward|male|44.0|90.0|1|Q|0
247|Lindahl, Miss. Agda Thorilda Viktoria|female|25.0|7.775|3|S|0
248|Hamalainen, Mrs. William (Anna)|female|24.0|14.5|2|S|1
249|Beckwith, Mr. Richard Leonard|male|37.0|52.5542|1|S|1
250|Carter, Rev. Ernest Courtenay|male|54.0|26.0|2|S|0
251|Reed, Mr. James George|male||7.25|3|S|0
252|Strom, Mrs. Wilhelm (Elna Matilda Persson)|female|29.0|10.4625|3|S|0
253|Stead, Mr. William Thomas|male|62.0|26.55|1|S|0
254|Lobb, Mr. William Arthur|male|30.0|16.1|3|S|0
255|Rosblom, Mrs. Viktor (Helena Wilhelmina)|female|41.0|20.2125|3|S|0
256|Touma, Mrs. Darwis (Hanne Youssef Razi)|female|29.0|15.2458|3|C|1
257|Thorne, Mrs. Gertrude Maybelle|female||79.2|1|C|1
258|Cherry, Miss. Gladys|female|30.0|86.5|1|S|1
259|Ward, Miss. Anna|female|35.0|512.3292|1|C|1
260|Parrish, Mrs. (Lutie Davis)|female|50.0|26.0|2|S|1
261|Smith, Mr. Thomas|male||7.75|3|Q|0
262|Asplund, Master. Edvin Rojj Felix|male|3.0|31.3875|3|S|1
263|Taussig, Mr. Emil|male|52.0|79.65|1|S|0
264|Harrison, Mr. William|male|40.0|0.0|1|S|0
265|Henry, Miss. Delia|female||7.75|3|Q|0
266|Reeves, Mr. David|male|36.0|10.5|2|S|0
267|Panula, Mr. Ernesti Arvid|male|16.0|39.6875|3|S|0
268|Persson, Mr. Ernst Ulrik|male|25.0|7.775|3|S|1
269|Graham, Mrs. William Thompson (Edith Junkins)|female|58.0|153.4625|1|S|1
270|Bissette, Miss. Amelia|female|35.0|135.6333|1|S|1
271|Cairns, Mr. Alexander|male||31.0|1|S|0
272|Tornquist, Mr. William Henry|male|25.0|0.0|3|S|1
273|Mellinger, Mrs. (Elizabeth Anne Maidment)|female|41.0|19.5|2|S|1
274|Natsch, Mr. Charles H|male|37.0|29.7|1|C|0
275|"Healy, Miss. Hanora ""Nora"""|female||7.75|3|Q|1
276|Andrews, Miss. Kornelia Theodosia|female|63.0|77.9583|1|S|1
277|Lindblom, Miss. Augusta Charlotta|female|45.0|7.75|3|S|0
278|"Parkes, Mr. Francis ""Frank"""|male||0.0|2|S|0
279|Rice, Master. Eric|male|7.0|29.125|3|Q|0
280|Abbott, Mrs. Stanton (Rosa Hunt)|female|35.0|20.25|3|S|1
281|Duane, Mr. Frank|male|65.0|7.75|3|Q|0
282|Olsson, Mr. Nils Johan Goransson|male|28.0|7.8542|3|S|0
283|de Pelsmaeker, Mr. Alfons|male|16.0|9.5|3|S|0
284|Dorking, Mr. Edward Arthur|male|19.0|8.05|3|S|1
285|Smith, Mr. Richard William|male||26.0|1|S|0
286|Stankovic, Mr. Ivan|male|33.0|8.6625|3|C|0
287|de Mulder, Mr. Theodore|male|30.0|9.5|3|S|1
288|Naidenoff, Mr. Penko|male|22.0|7.8958|3|S|0
289|Hosono, Mr. Masabumi|male|42.0|13.0|2|S|1
290|Connolly, Miss. Kate|female|22.0|7.75|3|Q|1
291|"Barber, Miss. Ellen ""Nellie"""|female|26.0|78.85|1|S|1
292|Bishop, Mrs. Dickinson H (Helen Walton)|female|19.0|91.0792|1|C|1
293|Levy, Mr. Rene Jacques|male|36.0|12.875|2|C|0
294|Haas, Miss. Aloisia|female|24.0|8.85|3|S|0
295|Mineff, Mr. Ivan|male|24.0|7.8958|3|S|0
296|Lewy, Mr. Ervin G|male||27.7208|1|C|0
297|Hanna, Mr. Mansour|male|23.5|7.2292|3|C|0
298|Allison, Miss. Helen Loraine|female|2.0|151.55|1|S|0
299|Saalfeld, Mr. Adolphe|male||30.5|1|S|1
300|Baxter, Mrs. James (Helene DeLaudeniere Chaput)|female|50.0|247.5208|1|C|1
301|"Kelly, Miss. Anna Katherine ""Annie Kate"""|female||7.75|3|Q|1
302|McCoy, Mr. Bernard|male||23.25|3|Q|1
303|Johnson, Mr. William Cahoone Jr|male|19.0|0.0|3|S|0
304|Keane, Miss. Nora A|female||12.35|2|Q|1
305|"Williams, Mr. Howard Hugh ""Harry"""|male||8.05|3|S|0
306|Allison, Master. Hudson Trevor|male|0.92|151.55|1|S|1
307|Fleming, Miss. Margaret|female||110.8833|1|C|1
308|Penasco y Castellana, Mrs. Victor de Satode (Maria Josefa Perez de Soto y Vallejo)|female|17.0|108.9|1|C|1
309|Abelson, Mr. Samuel|male|30.0|24.0|2|C|0
310|Francatelli, Miss. Laura Mabel|female|30.0|56.9292|1|C|1
311|Hays, Miss. Margaret Bechstein|female|24.0|83.1583|1|C|1
312|Ryerson, Miss. Emily Borie|female|18.0|262.375|1|C|1
313|Lahtinen, Mrs. William (Anna Sylfven)|female|26.0|26.0|2|S|0
314|Hendekovic, Mr. Ignjac|male|28.0|7.8958|3|S|0
315|Hart, Mr. Benjamin|male|43.0|26.25|2|S|0
316|Nilsson, Miss. Helmina Josefina|female|26.0|7.8542|3|S|1
317|Kantor, Mrs. Sinai (Miriam Sternin)|female|24.0|26.0|2|S|1
318|Moraweck, Dr. Ernest|male|54.0|14.0|2|S|0
319|Wick, Miss. Mary Natalie|female|31.0|164.8667|1|S|1
320|Spedden, Mrs. Frederic Oakley (Margaretta Corning Stone)|female|40.0|134.5|1|C|1
321|Dennis, Mr. Samuel|male|22.0|7.25|3|S|0
322|Danoff, Mr. Yoto|male|27.0|7.8958|3|S|0
323|Slayter, Miss. Hilda Mary|female|30.0|12.35|2|Q|1
324|Caldwell, Mrs. Albert Francis (Sylvia Mae Harbaugh)|female|22.0|29.0|2|S|1
325|Sage, Mr. George John Jr|male||69.55|3|S|0
326|Young, Miss. Marie Grice|female|36.0|135.6333|1|C|1
327|Nysveen, Mr. Johan Hansen|male|61.0|6.2375|3|S|0
328|Ball, Mrs. (Ada E Hall)|female|36.0|13.0|2|S|1
329|Goldsmith, Mrs. Frank John (Emily Alice Brown)|female|31.0|20.525|3|S|1
330|Hippach, Miss. Jean Gertrude|female|16.0|57.9792|1|C|1
331|McCoy, Miss. Agnes|female||23.25|3|Q|1
332|Partner, Mr. Austen|male|45.5|28.5|1|S|0
333|Graham, Mr. George Edward|male|38.0|153.4625|1|S|0
334|Vander Planke, Mr. Leo Edmondus|male|16.0|18.0|3|S|0
335|Frauenthal, Mrs. Henry William (Clara Heinsheimer)|female||133.65|1|S|1
336|Denkoff, Mr. Mitto|male||7.8958|3|S|0
337|Pears, Mr. Thomas Clinton|male|29.0|66.6|1|S|0
338|Burns, Miss. Elizabeth Margaret|female|41.0|134.5|1|C|1
339|Dahl, Mr. Karl Edwart|male|45.0|8.05|3|S|1
340|Blackwell, Mr. Stephen Weart|male|45.0|35.5|1|S|0
341|Navratil, Master. Edmond Roger|male|2.0|26.0|2|S|1
342|Fortune, Miss. Alice Elizabeth|female|24.0|263.0|1|S|1
343|Collander, Mr. Erik Gustaf|male|28.0|13.0|2|S|0
344|Sedgwick, Mr. Charles Frederick Waddington|male|25.0|13.0|2|S|0
345|Fox, Mr. Stanley Hubert|male|36.0|13.0|2|S|0
346|"Brown, Miss. Amelia ""Mildred"""|female|24.0|13.0|2|S|1
347|Smith, Miss. Marion Elsie|female|40.0|13.0|2|S|1
348|Davison, Mrs. Thomas Henry (Mary E Finck)|female||16.1|3|S|1
349|"Coutts, Master. William Loch ""William"""|male|3.0|15.9|3|S|1
350|Dimic, Mr. Jovan|male|42.0|8.6625|3|S|0
351|Odahl, Mr. Nils Martin|male|23.0|9.225|3|S|0
352|Williams-Lambert, Mr. Fletcher Fellows|male||35.0|1|S|0
353|Elias, Mr. Tannous|male|15.0|7.2292|3|C|0
354|Arnold-Franchi, Mr. Josef|male|25.0|17.8|3|S|0
355|Yousif, Mr. Wazli|male||7.225|3|C|0
356|Vanden Steen, Mr. Leo Peter|male|28.0|9.5|3|S|0
357|Bowerman, Miss. Elsie Edith|female|22.0|55.0|1|S|1
358|Funk, Miss. Annie Clemmer|female|38.0|13.0|2|S|0
359|McGovern, Miss. Mary|female||7.8792|3|Q|1
360|"Mockler, Miss. Helen Mary ""Ellie"""|female||7.8792|3|Q|1
361|Skoog, Mr. Wilhelm|male|40.0|27.9|3|S|0
362|del Carlo, Mr. Sebastiano|male|29.0|27.7208|2|C|0
363|Barbara, Mrs. (Catherine David)|female|45.0|14.4542|3|C|0
364|Asim, Mr. Adola|male|35.0|7.05|3|S|0
365|O'Brien, Mr. Thomas|male||15.5|3|Q|0
366|Adahl, Mr. Mauritz Nils Martin|male|30.0|7.25|3|S|0
367|Warren, Mrs. Frank Manley (Anna Sophia Atkinson)|female|60.0|75.25|1|C|1
368|Moussa, Mrs. (Mantoura Boulos)|female||7.2292|3|C|1
369|Jermyn, Miss. Annie|female||7.75|3|Q|1
370|Aubart, Mme. Leontine Pauline|female|24.0|69.3|1|C|1
371|Harder, Mr. George Achilles|male|25.0|55.4417|1|C|1
372|Wiklund, Mr. Jakob Alfred|male|18.0|6.4958|3|S|0
373|Beavan, Mr. William Thomas|male|19.0|8.05|3|S|0
374|Ringhini, Mr. Sante|male|22.0|135.6333|1|C|0
375|Palsson, Miss. Stina Viola|female|3.0|21.075|3|S|0
376|Meyer, Mrs. Edgar Joseph (Leila Saks)|female||82.1708|1|C|1
377|Landergren, Miss. Aurora Adelia|female|22.0|7.25|3|S|1
378|Widener, Mr. Harry Elkins|male|27.0|211.5|1|C|0
379|Betros, Mr. Tannous|male|20.0|4.0125|3|C|0
380|Gustafsson, Mr. Karl Gideon|male|19.0|7.775|3|S|0
381|Bidois, Miss. Rosalie|female|42.0|227.525|1|C|1
382|"Nakid, Miss. Maria (""Mary"")"|female|1.0|15.7417|3|C|1
383|Tikkanen, Mr. Juho|male|32.0|7.925|3|S|0
384|Holverson, Mrs. Alexander Oskar (Mary Aline Towner)|female|35.0|52.0|1|S|1
385|Plotcharsky, Mr. Vasil|male||7.8958|3|S|0
386|Davies, Mr. Charles Henry|male|18.0|73.5|2|S|0
387|Goodwin, Master. Sidney Leonard|male|1.0|46.9|3|S|0
388|Buss, Miss. Kate|female|36.0|13.0|2|S|1
389|Sadlier, Mr. Matthew|male||7.7292|3|Q|0
390|Lehmann, Miss. Bertha|female|17.0|12.0|2|C|1
391|Carter, Mr. William Ernest|male|36.0|120.0|1|S|1
392|Jansson, Mr. Carl Olof|male|21.0|7.7958|3|S|1
393|Gustafsson, Mr. Johan Birger|male|28.0|7.925|3|S|0
394|Newell, Miss. Marjorie|female|23.0|113.275|1|C|1
395|Sandstrom, Mrs. Hjalmar (Agnes Charlotta Bengtsson)|female|24.0|16.7|3|S|1
396|Johansson, Mr. Erik|male|22.0|7.7958|3|S|0
397|Olsson, Miss. Elina|female|31.0|7.8542|3|S|0
398|McKane, Mr. Peter David|male|46.0|26.0|2|S|0
399|Pain, Dr. Alfred|male|23.0|10.5|2|S|0
400|Trout, Mrs. William H (Jessie L)|female|28.0|12.65|2|S|1
401|Niskanen, Mr. Juha|male|39.0|7.925|3|S|1
402|Adams, Mr. John|male|26.0|8.05|3|S|0
403|Jussila, Miss. Mari Aina|female|21.0|9.825|3|S|0
404|Hakkarainen, Mr. Pekka Pietari|male|28.0|15.85|3|S|0
405|Oreskovic, Miss. Marija|female|20.0|8.6625|3|S|0
406|Gale, Mr. Shadrach|male|34.0|21.0|2|S|0
407|Widegren, Mr. Carl/Charles Peter|male|51.0|7.75|3|S|0
408|Richards, Master. William Rowe|male|3.0|18.75|2|S|1
409|Birkeland, Mr. Hans Martin Monsen|male|21.0|7.775|3|S|0
410|Lefebre, Miss. Ida|female||25.4667|3|S|0
411|Sdycoff, Mr. Todor|male||7.8958|3|S|0
412|Hart, Mr. Henry|male||6.8583|3|Q|0
413|Minahan, Miss. Daisy E|female|33.0|90.0|1|Q|1
414|Cunningham, Mr. Alfred Fleming|male||0.0|2|S|0
415|Sundman, Mr. Johan Julian|male|44.0|7.925|3|S|1
416|Meek, Mrs. Thomas (Annie Louise Rowley)|female||8.05|3|S|0
417|Drew, Mrs. James Vivian (Lulu Thorne Christian)|female|34.0|32.5|2|S|1
418|Silven, Miss. Lyyli Karoliina|female|18.0|13.0|2|S|1
419|Matthews, Mr. William John|male|30.0|13.0|2|S|0
420|Van Impe, Miss. Catharina|female|10.0|24.15|3|S|0
421|Gheorgheff, Mr. Stanio|male||7.8958|3|C|0
422|Charters, Mr. David|male|21.0|7.7333|3|Q|0
423|Zimmerman, Mr. Leo|male|29.0|7.875|3|S|0
424|Danbom, Mrs. Ernst Gilbert (Anna Sigrid Maria Brogren)|female|28.0|14.4|3|S|0
425|Rosblom, Mr. Viktor Richard|male|18.0|20.2125|3|S|0
426|Wiseman, Mr. Phillippe|male||7.25|3|S|0
427|Clarke, Mrs. Charles V (Ada Maria Winfield)|female|28.0|26.0|2|S|1
428|"Phillips, Miss. Kate Florence (""Mrs Kate Louise Phillips Marshall"")"|female|19.0|26.0|2|S|1
429|Flynn, Mr. James|male||7.75|3|Q|0
430|Pickard, Mr. Berk (Berk Trembisky)|male|32.0|8.05|3|S|1
431|Bjornstrom-Steffansson, Mr. Mauritz Hakan|male|28.0|26.55|1|S|1
432|Thorneycroft, Mrs. Percival (Florence Kate White)|female||16.1|3|S|1
433|Louch, Mrs. Charles Alexander (Alice Adelaide Slow)|female|42.0|26.0|2|S|1
434|Kallio, Mr. Nikolai Erland|male|17.0|7.125|3|S|0
435|Silvey, Mr. William Baird|male|50.0|55.9|1|S|0
436|Carter, Miss. Lucile Polk|female|14.0|120.0|1|S|1
437|"Ford, Miss. Doolina Margaret ""Daisy"""|female|21.0|34.375|3|S|0
438|Richards, Mrs. Sidney (Emily Hocking)|female|24.0|18.75|2|S|1
439|Fortune, Mr. Mark|male|64.0|263.0|1|S|0
440|Kvillner, Mr. Johan Henrik Johannesson|male|31.0|10.5|2|S|0
441|Hart, Mrs. Benjamin (Esther Ada Bloomfield)|female|45.0|26.25|2|S|1
442|Hampe, Mr. Leon|male|20.0|9.5|3|S|0
443|Petterson, Mr. Johan Emil|male|25.0|7.775|3|S|0
444|Reynaldo, Ms. Encarnacion|female|28.0|13.0|2|S|1
445|Johannesen-Bratthammer, Mr. Bernt|male||8.1125|3|S|1
446|Dodge, Master. Washington|male|4.0|81.8583|1|S|1
447|Mellinger, Miss. Madeleine Violet|female|13.0|19.5|2|S|1
448|Seward, Mr. Frederic Kimber|male|34.0|26.55|1|S|1
449|Baclini, Miss. Marie Catherine|female|5.0|19.2583|3|C|1
450|Peuchen, Major. Arthur Godfrey|male|52.0|30.5|1|S|1
451|West, Mr. Edwy Arthur|male|36.0|27.75|2|S|0
452|Hagland, Mr. Ingvald Olai Olsen|male||19.9667|3|S|0
453|Foreman, Mr. Benjamin Laventall|male|30.0|27.75|1|C|0
454|Goldenberg, Mr. Samuel L|male|49.0|89.1042|1|C|1
455|Peduzzi, Mr. Joseph|male||8.05|3|S|0
456|Jalsevac, Mr. Ivan|male|29.0|7.8958|3|C|1
457|Millet, Mr. Francis Davis|male|65.0|26.55|1|S|0
458|Kenyon, Mrs. Frederick R (Marion)|female||51.8625|1|S|1
459|Toomey, Miss. Ellen|female|50.0|10.5|2|S|1
460|O'Connor, Mr. Maurice|male||7.75|3|Q|0
461|Anderson, Mr. Harry|male|48.0|26.55|1|S|1
462|Morley, Mr. William|male|34.0|8.05|3|S|0
463|Gee, Mr. Arthur H|male|47.0|38.5|1|S|0
464|Milling, Mr. Jacob Christian|male|48.0|13.0|2|S|0
465|Maisner, Mr. Simon|male||8.05|3|S|0
466|Goncalves, Mr. Manuel Estanslas|male|38.0|7.05|3|S|0
467|Campbell, Mr. William|male||0.0|2|S|0
468|Smart, Mr. John Montgomery|male|56.0|26.55|1|S|0
469|Scanlan, Mr. James|male||7.725|3|Q|0
470|Baclini, Miss. Helene Barbara|female|0.75|19.2583|3|C|1
471|Keefe, Mr. Arthur|male||7.25|3|S|0
472|Cacic, Mr. Luka|male|38.0|8.6625|3|S|0
473|West, Mrs. Edwy Arthur (Ada Mary Worth)|female|33.0|27.75|2|S|1
474|Jerwan, Mrs. Amin S (Marie Marthe Thuillard)|female|23.0|13.7917|2|C|1
475|Strandberg, Miss. Ida Sofia|female|22.0|9.8375|3|S|0
476|Clifford, Mr. George Quincy|male||52.0|1|S|0
477|Renouf, Mr. Peter Henry|male|34.0|21.0|2|S|0
478|Braund, Mr. Lewis Richard|male|29.0|7.0458|3|S|0
479|Karlsson, Mr. Nils August|male|22.0|7.5208|3|S|0
480|Hirvonen, Miss. Hildur E|female|2.0|12.2875|3|S|1
481|Goodwin, Master. Harold Victor|male|9.0|46.9|3|S|0
482|"Frost, Mr. Anthony Wood ""Archie"""|male||0.0|2|S|0
483|Rouse, Mr. Richard Henry|male|50.0|8.05|3|S|0
484|Turkula, Mrs. (Hedwig)|female|63.0|9.5875|3|S|1
485|Bishop, Mr. Dickinson H|male|25.0|91.0792|1|C|1
486|Lefebre, Miss. Jeannie|female||25.4667|3|S|0
487|Hoyt, Mrs. Frederick Maxfield (Jane Anne Forby)|female|35.0|90.0|1|S|1
488|Kent, Mr. Edward Austin|male|58.0|29.7|1|C|0
489|Somerton, Mr. Francis William|male|30.0|8.05|3|S|0
490|"Coutts, Master. Eden Leslie ""Neville"""|male|9.0|15.9|3|S|1
491|Hagland, Mr. Konrad Mathias Reiersen|male||19.9667|3|S|0
492|Windelov, Mr. Einar|male|21.0|7.25|3|S|0
493|Molson, Mr. Harry Markland|male|55.0|30.5|1|S|0
494|Artagaveytia, Mr. Ramon|male|71.0|49.5042|1|C|0
495|Stanley, Mr. Edward Roland|male|21.0|8.05|3|S|0
496|Yousseff, Mr. Gerious|male||14.4583|3|C|0
497|Eustis, Miss. Elizabeth Mussey|female|54.0|78.2667|1|C|1
498|Shellard, Mr. Frederick William|male||15.1|3|S|0
499|Allison, Mrs. Hudson J C (Bessie Waldo Daniels)|female|25.0|151.55|1|S|0
500|Svensson, Mr. Olof|male|24.0|7.7958|3|S|0
501|Calic, Mr. Petar|male|17.0|8.6625|3|S|0
502|Canavan, Miss. Mary|female|21.0|7.75|3|Q|0
503|O'Sullivan, Miss. Bridget Mary|female||7.6292|3|Q|0
504|Laitinen, Miss. Kristina Sofia|female|37.0|9.5875|3|S|0
505|Maioni, Miss. Roberta|female|16.0|86.5|1|S|1
506|Penasco y Castellana, Mr. Victor de Satode|male|18.0|108.9|1|C|0
507|Quick, Mrs. Frederick Charles (Jane Richards)|female|33.0|26.0|2|S|1
508|"Bradley, Mr. George (""George Arthur Brayton"")"|male||26.55|1|S|1
509|Olsen, Mr. Henry Margido|male|28.0|22.525|3|S|0
510|Lang, Mr. Fang|male|26.0|56.4958|3|S|1
511|Daly, Mr. Eugene Patrick|male|29.0|7.75|3|Q|1
512|Webber, Mr. James|male||8.05|3|S|0
513|McGough, Mr. James Robert|male|36.0|26.2875|1|S|1
514|Rothschild, Mrs. Martin (Elizabeth L. Barrett)|female|54.0|59.4|1|C|1
515|Coleff, Mr. Satio|male|24.0|7.4958|3|S|0
516|Walker, Mr. William Anderson|male|47.0|34.0208|1|S|0
517|Lemore, Mrs. (Amelia Milley)|female|34.0|10.5|2|S|1
518|Ryan, Mr. Patrick|male||24.15|3|Q|0
519|"Angle, Mrs. William A (Florence ""Mary"" Agnes Hughes)"|female|36.0|26.0|2|S|1
520|Pavlovic, Mr. Stefo|male|32.0|7.8958|3|S|0
521|Perreault, Miss. Anne|female|30.0|93.5|1|S|1
522|Vovk, Mr. Janko|male|22.0|7.8958|3|S|0
523|Lahoud, Mr. Sarkis|male||7.225|3|C|0
524|Hippach, Mrs. Louis Albert (Ida Sophia Fischer)|female|44.0|57.9792|1|C|1
525|Kassem, Mr. Fared|male||7.2292|3|C|0
526|Farrell, Mr. James|male|40.5|7.75|3|Q|0
527|Ridsdale, Miss. Lucy|female|50.0|10.5|2|S|1
528|Farthing, Mr. John|male||221.7792|1|S|0
529|Salonen, Mr. Johan Werner|male|39.0|7.925|3|S|0
530|Hocking, Mr. Richard George|male|23.0|11.5|2|S|0
531|Quick, Miss. Phyllis May|female|2.0|26.0|2|S|1
532|Toufik, Mr. Nakli|male||7.2292|3|C|0
533|Elias, Mr. Joseph Jr|male|17.0|7.2292|3|C|0
534|Peter, Mrs. Catherine (Catherine Rizk)|female||22.3583|3|C|1
535|Cacic, Miss. Marija|female|30.0|8.6625|3|S|0
536|Hart, Miss. Eva Miriam|female|7.0|26.25|2|S|1
537|Butt, Major. Archibald Willingham|male|45.0|26.55|1|S|0
538|LeRoy, Miss. Bertha|female|30.0|106.425|1|C|1
539|Risien, Mr. Samuel Beard|male||14.5|3|S|0
540|Frolicher, Miss. Hedwig Margaritha|female|22.0|49.5|1|C|1
541|Crosby, Miss. Harriet R|female|36.0|71.0|1|S|1
542|Andersson, Miss. Ingeborg Constanzia|female|9.0|31.275|3|S|0
543|Andersson, Miss. Sigrid Elisabeth|female|11.0|31.275|3|S|0
544|Beane, Mr. Edward|male|32.0|26.0|2|S|1
545|Douglas, Mr. Walter Donald|male|50.0|106.425|1|C|0
546|Nicholson, Mr. Arthur Ernest|male|64.0|26.0|1|S|0
547|Beane, Mrs. Edward (Ethel Clarke)|female|19.0|26.0|2|S|1
548|Padro y Manent, Mr. Julian|male||13.8625|2|C|1
549|Goldsmith, Mr. Frank John|male|33.0|20.525|3|S|0
550|Davies, Master. John Morgan Jr|male|8.0|36.75|2|S|1
551|Thayer, Mr. John Borland Jr|male|17.0|110.8833|1|C|1
552|Sharp, Mr. Percival James R|male|27.0|26.0|2|S|0
553|O'Brien, Mr. Timothy|male||7.8292|3|Q|0
554|"Leeni, Mr. Fahim (""Philip Zenni"")"|male|22.0|7.225|3|C|1
555|Ohman, Miss. Velin|female|22.0|7.775|3|S|1
556|Wright, Mr. George|male|62.0|26.55|1|S|0
557|"Duff Gordon, Lady. (Lucille Christiana Sutherland) (""Mrs Morgan"")"|female|48.0|39.6|1|C|1
558|Robbins, Mr. Victor|male||227.525|1|C|0
559|Taussig, Mrs. Emil (Tillie Mandelbaum)|female|39.0|79.65|1|S|1
560|de Messemaeker, Mrs. Guillaume Joseph (Emma)|female|36.0|17.4|3|S|1
561|Morrow, Mr. Thomas Rowan|male||7.75|3|Q|0
562|Sivic, Mr. Husein|male|40.0|7.8958|3|S|0
563|Norman, Mr. Robert Douglas|male|28.0|13.5|2|S|0
564|Simmons, Mr. John|male||8.05|3|S|0
565|Meanwell, Miss. (Marion Ogden)|female||8.05|3|S|0
566|Davies, Mr. Alfred J|male|24.0|24.15|3|S|0
567|Stoytcheff, Mr. Ilia|male|19.0|7.8958|3|S|0
568|Palsson, Mrs. Nils (Alma Cornelia Berglund)|female|29.0|21.075|3|S|0
569|Doharr, Mr. Tannous|male||7.2292|3|C|0
570|Jonsson, Mr. Carl|male|32.0|7.8542|3|S|1
571|Harris, Mr. George|male|62.0|10.5|2|S|1
572|Appleton, Mrs. Edward Dale (Charlotte Lamson)|female|53.0|51.4792|1|S|1
573|"Flynn, Mr. John Irwin (""Irving"")"|male|36.0|26.3875|1|S|1
574|Kelly, Miss. Mary|female||7.75|3|Q|1
575|Rush, Mr. Alfred George John|male|16.0|8.05|3|S|0
576|Patchett, Mr. George|male|19.0|14.5|3|S|0
577|Garside, Miss. Ethel|female|34.0|13.0|2|S|1
578|Silvey, Mrs. William Baird (Alice Munger)|female|39.0|55.9|1|S|1
579|Caram, Mrs. Joseph (Maria Elias)|female||14.4583|3|C|0
580|Jussila, Mr. Eiriik|male|32.0|7.925|3|S|1
581|Christy, Miss. Julie Rachel|female|25.0|30.0|2|S|1
582|Thayer, Mrs. John Borland (Marian Longstreth Morris)|female|39.0|110.8833|1|C|1
583|Downton, Mr. William James|male|54.0|26.0|2|S|0
584|Ross, Mr. John Hugo|male|36.0|40.125|1|C|0
585|Paulner, Mr. Uscher|male||8.7125|3|C|0
586|Taussig, Miss. Ruth|female|18.0|79.65|1|S|1
587|Jarvis, Mr. John Denzil|male|47.0|15.0|2|S|0
588|Frolicher-Stehli, Mr. Maxmillian|male|60.0|79.2|1|C|1
589|Gilinski, Mr. Eliezer|male|22.0|8.05|3|S|0
590|Murdlin, Mr. Joseph|male||8.05|3|S|0
591|Rintamaki, Mr. Matti|male|35.0|7.125|3|S|0
592|Stephenson, Mrs. Walter Bertram (Martha Eustis)|female|52.0|78.2667|1|C|1
593|Elsbury, Mr. William James|male|47.0|7.25|3|S|0
594|Bourke, Miss. Mary|female||7.75|3|Q|0
595|Chapman, Mr. John Henry|male|37.0|26.0|2|S|0
596|Van Impe, Mr. Jean Baptiste|male|36.0|24.15|3|S|0
597|Leitch, Miss. Jessie Wills|female||33.0|2|S|1
598|Johnson, Mr. Alfred|male|49.0|0.0|3|S|0
599|Boulos, Mr. Hanna|male||7.225|3|C|0
600|"Duff Gordon, Sir. Cosmo Edmund (""Mr Morgan"")"|male|49.0|56.9292|1|C|1
601|Jacobsohn, Mrs. Sidney Samuel (Amy Frances Christy)|female|24.0|27.0|2|S|1
602|Slabenoff, Mr. Petco|male||7.8958|3|S|0
603|Harrington, Mr. Charles H|male||42.4|1|S|0
604|Torber, Mr. Ernst William|male|44.0|8.05|3|S|0
605|"Homer, Mr. Harry (""Mr E Haven"")"|male|35.0|26.55|1|C|1
606|Lindell, Mr. Edvard Bengtsson|male|36.0|15.55|3|S|0
607|Karaic, Mr. Milan|male|30.0|7.8958|3|S|0
608|Daniel, Mr. Robert Williams|male|27.0|30.5|1|S|1
609|Laroche, Mrs. Joseph (Juliette Marie Louise Lafargue)|female|22.0|41.5792|2|C|1
610|Shutes, Miss. Elizabeth W|female|40.0|153.4625|1|S|1
611|Andersson, Mrs. Anders Johan (Alfrida Konstantia Brogren)|female|39.0|31.275|3|S|0
612|Jardin, Mr. Jose Neto|male||7.05|3|S|0
613|Murphy, Miss. Margaret Jane|female||15.5|3|Q|1
614|Horgan, Mr. John|male||7.75|3|Q|0
615|Brocklebank, Mr. William Alfred|male|35.0|8.05|3|S|0
616|Herman, Miss. Alice|female|24.0|65.0|2|S|1
617|Danbom, Mr. Ernst Gilbert|male|34.0|14.4|3|S|0
618|Lobb, Mrs. William Arthur (Cordelia K Stanlick)|female|26.0|16.1|3|S|0
619|Becker, Miss. Marion Louise|female|4.0|39.0|2|S|1
620|Gavey, Mr. Lawrence|male|26.0|10.5|2|S|0
621|Yasbeck, Mr. Antoni|male|27.0|14.4542|3|C|0
622|Kimball, Mr. Edwin Nelson Jr|male|42.0|52.5542|1|S|1
623|Nakid, Mr. Sahid|male|20.0|15.7417|3|C|1
624|Hansen, Mr. Henry Damsgaard|male|21.0|7.8542|3|S|0
625|"Bowen, Mr. David John ""Dai"""|male|21.0|16.1|3|S|0
626|Sutton, Mr. Frederick|male|61.0|32.3208|1|S|0
627|Kirkland, Rev. Charles Leonard|male|57.0|12.35|2|Q|0
628|Longley, Miss. Gretchen Fiske|female|21.0|77.9583|1|S|1
629|Bostandyeff, Mr. Guentcho|male|26.0|7.8958|3|S|0
630|O'Connell, Mr. Patrick D|male||7.7333|3|Q|0
631|Barkworth, Mr. Algernon Henry Wilson|male|80.0|30.0|1|S|1
632|Lundahl, Mr. Johan Svensson|male|51.0|7.0542|3|S|0
633|Stahelin-Maeglin, Dr. Max|male|32.0|30.5|1|C|1
634|Parr, Mr. William Henry Marsh|male||0.0|1|S|0
635|Skoog, Miss. Mabel|female|9.0|27.9|3|S|0
636|Davis, Miss. Mary|female|28.0|13.0|2|S|1
637|Leinonen, Mr. Antti Gustaf|male|32.0|7.925|3|S|0
638|Collyer, Mr. Harvey|male|31.0|26.25|2|S|0
639|Panula, Mrs. Juha (Maria Emilia Ojala)|female|41.0|39.6875|3|S|0
640|Thorneycroft, Mr. Percival|male||16.1|3|S|0
641|Jensen, Mr. Hans Peder|male|20.0|7.8542|3|S|0
642|Sagesser, Mlle. Emma|female|24.0|69.3|1|C|1
643|Skoog, Miss. Margit Elizabeth|female|2.0|27.9|3|S|0
644|Foo, Mr. Choong|male||56.4958|3|S|1
645|Baclini, Miss. Eugenie|female|0.75|19.2583|3|C|1
646|Harper, Mr. Henry Sleeper|male|48.0|76.7292|1|C|1
647|Cor, Mr. Liudevit|male|19.0|7.8958|3|S|0
648|Simonius-Blumer, Col. Oberst Alfons|male|56.0|35.5|1|C|1
649|Willey, Mr. Edward|male||7.55|3|S|0
650|Stanley, Miss. Amy Zillah Elsie|female|23.0|7.55|3|S|1
651|Mitkoff, Mr. Mito|male||7.8958|3|S|0
652|Doling, Miss. Elsie|female|18.0|23.0|2|S|1
653|Kalvik, Mr. Johannes Halvorsen|male|21.0|8.4333|3|S|0
654|"O'Leary, Miss. Hanora ""Norah"""|female||7.8292|3|Q|1
655|"Hegarty, Miss. Hanora ""Nora"""|female|18.0|6.75|3|Q|0
656|Hickman, Mr. Leonard Mark|male|24.0|73.5|2|S|0
657|Radeff, Mr. Alexander|male||7.8958|3|S|0
658|Bourke, Mrs. John (Catherine)|female|32.0|15.5|3|Q|0
659|Eitemiller, Mr. George Floyd|male|23.0|13.0|2|S|0
660|Newell, Mr. Arthur Webster|male|58.0|113.275|1|C|0
661|Frauenthal, Dr. Henry William|male|50.0|133.65|1|S|1
662|Badt, Mr. Mohamed|male|40.0|7.225|3|C|0
663|Colley, Mr. Edward Pomeroy|male|47.0|25.5875|1|S|0
664|Coleff, Mr. Peju|male|36.0|7.4958|3|S|0
665|Lindqvist, Mr. Eino William|male|20.0|7.925|3|S|1
666|Hickman, Mr. Lewis|male|32.0|73.5|2|S|0
667|Butler, Mr. Reginald Fenton|male|25.0|13.0|2|S|0
668|Rommetvedt, Mr. Knud Paust|male||7.775|3|S|0
669|Cook, Mr. Jacob|male|43.0|8.05|3|S|0
670|Taylor, Mrs. Elmer Zebley (Juliet Cummins Wright)|female||52.0|1|S|1
671|Brown, Mrs. Thomas William Solomon (Elizabeth Catherine Ford)|female|40.0|39.0|2|S|1
672|Davidson, Mr. Thornton|male|31.0|52.0|1|S|0
673|Mitchell, Mr. Henry Michael|male|70.0|10.5|2|S|0
674|Wilhelms, Mr. Charles|male|31.0|13.0|2|S|1
675|Watson, Mr. Ennis Hastings|male||0.0|2|S|0
676|Edvardsson, Mr. Gustaf Hjalmar|male|18.0|7.775|3|S|0
677|Sawyer, Mr. Frederick Charles|male|24.5|8.05|3|S|0
678|Turja, Miss. Anna Sofia|female|18.0|9.8417|3|S|1
679|Goodwin, Mrs. Frederick (Augusta Tyler)|female|43.0|46.9|3|S|0
680|Cardeza, Mr. Thomas Drake Martinez|male|36.0|512.3292|1|C|1
681|Peters, Miss. Katie|female||8.1375|3|Q|0
682|Hassab, Mr. Hammad|male|27.0|76.7292|1|C|1
683|Olsvigen, Mr. Thor Anderson|male|20.0|9.225|3|S|0
684|Goodwin, Mr. Charles Edward|male|14.0|46.9|3|S|0
685|Brown, Mr. Thomas William Solomon|male|60.0|39.0|2|S|0
686|Laroche, Mr. Joseph Philippe Lemercier|male|25.0|41.5792|2|C|0
687|Panula, Mr. Jaako Arnold|male|14.0|39.6875|3|S|0
688|Dakic, Mr. Branko|male|19.0|10.1708|3|S|0
689|Fischer, Mr. Eberhard Thelander|male|18.0|7.7958|3|S|0
690|Madill, Miss. Georgette Alexandra|female|15.0|211.3375|1|S|1
691|Dick, Mr. Albert Adrian|male|31.0|57.0|1|S|1
692|Karun, Miss. Manca|female|4.0|13.4167|3|C|1
693|Lam, Mr. Ali|male||56.4958|3|S|1
694|Saad, Mr. Khalil|male|25.0|7.225|3|C|0
695|Weir, Col. John|male|60.0|26.55|1|S|0
696|Chapman, Mr. Charles Henry|male|52.0|13.5|2|S|0
697|Kelly, Mr. James|male|44.0|8.05|3|S|0
698|"Mullens, Miss. Katherine ""Katie"""|female||7.7333|3|Q|1
699|Thayer, Mr. John Borland|male|49.0|110.8833|1|C|0
700|Humblen, Mr. Adolf Mathias Nicolai Olsen|male|42.0|7.65|3|S|0
701|Astor, Mrs. John Jacob (Madeleine Talmadge Force)|female|18.0|227.525|1|C|1
702|Silverthorne, Mr. Spencer Victor|male|35.0|26.2875|1|S|1
703|Barbara, Miss. Saiide|female|18.0|14.4542|3|C|0
704|Gallagher, Mr. Martin|male|25.0|7.7417|3|Q|0
705|Hansen, Mr. Henrik Juul|male|26.0|7.8542|3|S|0
706|"Morley, Mr. Henry Samuel (""Mr Henry Marshall"")"|male|39.0|26.0|2|S|0
707|"Kelly, Mrs. Florence ""Fannie"""|female|45.0|13.5|2|S|1
708|Calderhead, Mr. Edward Pennington|male|42.0|26.2875|1|S|1
709|Cleaver, Miss. Alice|female|22.0|151.55|1|S|1
710|"Moubarek, Master. Halim Gonios (""William George"")"|male||15.2458|3|C|1
711|"Mayne, Mlle. Berthe Antonine (""Mrs de Villiers"")"|female|24.0|49.5042|1|C|1
712|Klaber, Mr. Herman|male||26.55|1|S|0
713|Taylor, Mr. Elmer Zebley|male|48.0|52.0|1|S|1
714|Larsson, Mr. August Viktor|male|29.0|9.4833|3|S|0
715|Greenberg, Mr. Samuel|male|52.0|13.0|2|S|0
716|Soholt, Mr. Peter Andreas Lauritz Andersen|male|19.0|7.65|3|S|0
717|Endres, Miss. Caroline Louise|female|38.0|227.525|1|C|1
718|"Troutt, Miss. Edwina Celia ""Winnie"""|female|27.0|10.5|2|S|1
719|McEvoy, Mr. Michael|male||15.5|3|Q|0
720|Johnson, Mr. Malkolm Joackim|male|33.0|7.775|3|S|0
721|"Harper, Miss. Annie Jessie ""Nina"""|female|6.0|33.0|2|S|1
722|Jensen, Mr. Svend Lauritz|male|17.0|7.0542|3|S|0
723|Gillespie, Mr. William Henry|male|34.0|13.0|2|S|0
724|Hodges, Mr. Henry Price|male|50.0|13.0|2|S|0
725|Chambers, Mr. Norman Campbell|male|27.0|53.1|1|S|1
726|Oreskovic, Mr. Luka|male|20.0|8.6625|3|S|0
727|Renouf, Mrs. Peter Henry (Lillian Jefferys)|female|30.0|21.0|2|S|1
728|Mannion, Miss. Margareth|female||7.7375|3|Q|1
729|Bryhl, Mr. Kurt Arnold Gottfrid|male|25.0|26.0|2|S|0
730|Ilmakangas, Miss. Pieta Sofia|female|25.0|7.925|3|S|0
731|Allen, Miss. Elisabeth Walton|female|29.0|211.3375|1|S|1
732|Hassan, Mr. Houssein G N|male|11.0|18.7875|3|C|0
733|Knight, Mr. Robert J|male||0.0|2|S|0
734|Berriman, Mr. William John|male|23.0|13.0|2|S|0
735|Troupiansky, Mr. Moses Aaron|male|23.0|13.0|2|S|0
736|Williams, Mr. Leslie|male|28.5|16.1|3|S|0
737|Ford, Mrs. Edward (Margaret Ann Watson)|female|48.0|34.375|3|S|0
738|Lesurer, Mr. Gustave J|male|35.0|512.3292|1|C|1
739|Ivanoff, Mr. Kanio|male||7.8958|3|S|0
740|Nankoff, Mr. Minko|male||7.8958|3|S|0
741|Hawksford, Mr. Walter James|male||30.0|1|S|1
742|Cavendish, Mr. Tyrell William|male|36.0|78.85|1|S|0
743|"Ryerson, Miss. Susan Parker ""Suzette"""|female|21.0|262.375|1|C|1
744|McNamee, Mr. Neal|male|24.0|16.1|3|S|0
745|Stranden, Mr. Juho|male|31.0|7.925|3|S|1
746|Crosby, Capt. Edward Gifford|male|70.0|71.0|1|S|0
747|Abbott, Mr. Rossmore Edward|male|16.0|20.25|3|S|0
748|Sinkkonen, Miss. Anna|female|30.0|13.0|2|S|1
749|Marvin, Mr. Daniel Warner|male|19.0|53.1|1|S|0
750|Connaghton, Mr. Michael|male|31.0|7.75|3|Q|0
751|Wells, Miss. Joan|female|4.0|23.0|2|S|1
752|Moor, Master. Meier|male|6.0|12.475|3|S|1
753|Vande Velde, Mr. Johannes Joseph|male|33.0|9.5|3|S|0
754|Jonkoff, Mr. Lalio|male|23.0|7.8958|3|S|0
755|Herman, Mrs. Samuel (Jane Laver)|female|48.0|65.0|2|S|1
756|Hamalainen, Master. Viljo|male|0.67|14.5|2|S|1
757|Carlsson, Mr. August Sigfrid|male|28.0|7.7958|3|S|0
758|Bailey, Mr. Percy Andrew|male|18.0|11.5|2|S|0
759|Theobald, Mr. Thomas Leonard|male|34.0|8.05|3|S|0
760|Rothes, the Countess. of (Lucy Noel Martha Dyer-Edwards)|female|33.0|86.5|1|S|1
761|Garfirth, Mr. John|male||14.5|3|S|0
762|Nirva, Mr. Iisakki Antino Aijo|male|41.0|7.125|3|S|0
763|Barah, Mr. Hanna Assi|male|20.0|7.2292|3|C|1
764|Carter, Mrs. William Ernest (Lucile Polk)|female|36.0|120.0|1|S|1
765|Eklund, Mr. Hans Linus|male|16.0|7.775|3|S|0
766|Hogeboom, Mrs. John C (Anna Andrews)|female|51.0|77.9583|1|S|1
767|Brewe, Dr. Arthur Jackson|male||39.6|1|C|0
768|Mangan, Miss. Mary|female|30.5|7.75|3|Q|0
769|Moran, Mr. Daniel J|male||24.15|3|Q|0
770|Gronnestad, Mr. Daniel Danielsen|male|32.0|8.3625|3|S|0
771|Lievens, Mr. Rene Aime|male|24.0|9.5|3|S|0
772|Jensen, Mr. Niels Peder|male|48.0|7.8542|3|S|0
773|Mack, Mrs. (Mary)|female|57.0|10.5|2|S|0
774|Elias, Mr. Dibo|male||7.225|3|C|0
775|Hocking, Mrs. Elizabeth (Eliza Needs)|female|54.0|23.0|2|S|1
776|Myhrman, Mr. Pehr Fabian Oliver Malkolm|male|18.0|7.75|3|S|0
777|Tobin, Mr. Roger|male||7.75|3|Q|0
778|Emanuel, Miss. Virginia Ethel|female|5.0|12.475|3|S|1
779|Kilgannon, Mr. Thomas J|male||7.7375|3|Q|0
780|Robert, Mrs. Edward Scott (Elisabeth Walton McMillan)|female|43.0|211.3375|1|S|1
781|Ayoub, Miss. Banoura|female|13.0|7.2292|3|C|1
782|Dick, Mrs. Albert Adrian (Vera Gillespie)|female|17.0|57.0|1|S|1
783|Long, Mr. Milton Clyde|male|29.0|30.0|1|S|0
784|Johnston, Mr. Andrew G|male||23.45|3|S|0
785|Ali, Mr. William|male|25.0|7.05|3|S|0
786|Harmer, Mr. Abraham (David Lishin)|male|25.0|7.25|3|S|0
787|Sjoblom, Miss. Anna Sofia|female|18.0|7.4958|3|S|1
788|Rice, Master. George Hugh|male|8.0|29.125|3|Q|0
789|Dean, Master. Bertram Vere|male|1.0|20.575|3|S|1
790|Guggenheim, Mr. Benjamin|male|46.0|79.2|1|C|0
791|"Keane, Mr. Andrew ""Andy"""|male||7.75|3|Q|0
792|Gaskell, Mr. Alfred|male|16.0|26.0|2|S|0
793|Sage, Miss. Stella Anna|female||69.55|3|S|0
794|Hoyt, Mr. William Fisher|male||30.6958|1|C|0
795|Dantcheff, Mr. Ristiu|male|25.0|7.8958|3|S|0
796|Otter, Mr. Richard|male|39.0|13.0|2|S|0
797|Leader, Dr. Alice (Farnham)|female|49.0|25.9292|1|S|1
798|Osman, Mrs. Mara|female|31.0|8.6833|3|S|1
799|Ibrahim Shawah, Mr. Yousseff|male|30.0|7.2292|3|C|0
800|Van Impe, Mrs. Jean Baptiste (Rosalie Paula Govaert)|female|30.0|24.15|3|S|0
801|Ponesell, Mr. Martin|male|34.0|13.0|2|S|0
802|Collyer, Mrs. Harvey (Charlotte Annie Tate)|female|31.0|26.25|2|S|1
803|Carter, Master. William Thornton II|male|11.0|120.0|1|S|1
804|Thomas, Master. Assad Alexander|male|0.42|8.5167|3|C|1
805|Hedman, Mr. Oskar Arvid|male|27.0|6.975|3|S|1
806|Johansson, Mr. Karl Johan|male|31.0|7.775|3|S|0
807|Andrews, Mr. Thomas Jr|male|39.0|0.0|1|S|0
808|Pettersson, Miss. Ellen Natalia|female|18.0|7.775|3|S|0
809|Meyer, Mr. August|male|39.0|13.0|2|S|0
810|Chambers, Mrs. Norman Campbell (Bertha Griggs)|female|33.0|53.1|1|S|1
811|Alexander, Mr. William|male|26.0|7.8875|3|S|0
812|Lester, Mr. James|male|39.0|24.15|3|S|0
813|Slemen, Mr. Richard James|male|35.0|10.5|2|S|0
814|Andersson, Miss. Ebba Iris Alfrida|female|6.0|31.275|3|S|0
815|Tomlin, Mr. Ernest Portage|male|30.5|8.05|3|S|0
816|Fry, Mr. Richard|male||0.0|1|S|0
817|Heininen, Miss. Wendla Maria|female|23.0|7.925|3|S|0
818|Mallet, Mr. Albert|male|31.0|37.0042|2|C|0
819|Holm, Mr. John Fredrik Alexander|male|43.0|6.45|3|S|0
820|Skoog, Master. Karl Thorsten|male|10.0|27.9|3|S|0
821|Hays, Mrs. Charles Melville (Clara Jennings Gregg)|female|52.0|93.5|1|S|1
822|Lulic, Mr. Nikola|male|27.0|8.6625|3|S|1
823|Reuchlin, Jonkheer. John George|male|38.0|0.0|1|S|0
824|Moor, Mrs. (Beila)|female|27.0|12.475|3|S|1
825|Panula, Master. Urho Abraham|male|2.0|39.6875|3|S|0
826|Flynn, Mr. John|male||6.95|3|Q|0
827|Lam, Mr. Len|male||56.4958|3|S|0
828|Mallet, Master. Andre|male|1.0|37.0042|2|C|1
829|McCormack, Mr. Thomas Joseph|male||7.75|3|Q|1
830|Stone, Mrs. George Nelson (Martha Evelyn)|female|62.0|80.0|1||1
831|Yasbeck, Mrs. Antoni (Selini Alexander)|female|15.0|14.4542|3|C|1
832|Richards, Master. George Sibley|male|0.83|18.75|2|S|1
833|Saad, Mr. Amin|male||7.2292|3|C|0
834|Augustsson, Mr. Albert|male|23.0|7.8542|3|S|0
835|Allum, Mr. Owen George|male|18.0|8.3|3|S|0
836|Compton, Miss. Sara Rebecca|female|39.0|83.1583|1|C|1
837|Pasic, Mr. Jakob|male|21.0|8.6625|3|S|0
838|Sirota, Mr. Maurice|male||8.05|3|S|0
839|Chip, Mr. Chang|male|32.0|56.4958|3|S|1
840|Marechal, Mr. Pierre|male||29.7|1|C|1
841|Alhomaki, Mr. Ilmari Rudolf|male|20.0|7.925|3|S|0
842|Mudd, Mr. Thomas Charles|male|16.0|10.5|2|S|0
843|Serepeca, Miss. Augusta|female|30.0|31.0|1|C|1
844|Lemberopolous, Mr. Peter L|male|34.5|6.4375|3|C|0
845|Culumovic, Mr. Jeso|male|17.0|8.6625|3|S|0
846|Abbing, Mr. Anthony|male|42.0|7.55|3|S|0
847|Sage, Mr. Douglas Bullen|male||69.55|3|S|0
848|Markoff, Mr. Marin|male|35.0|7.8958|3|C|0
849|Harper, Rev. John|male|28.0|33.0|2|S|0
850|Goldenberg, Mrs. Samuel L (Edwiga Grabowska)|female||89.1042|1|C|1
851|Andersson, Master. Sigvard Harald Elias|male|4.0|31.275|3|S|0
852|Svensson, Mr. Johan|male|74.0|7.775|3|S|0
853|Boulos, Miss. Nourelain|female|9.0|15.2458|3|C|0
854|Lines, Miss. Mary Conover|female|16.0|39.4|1|S|1
855|Carter, Mrs. Ernest Courtenay (Lilian Hughes)|female|44.0|26.0|2|S|0
856|Aks, Mrs. Sam (Leah Rosen)|female|18.0|9.35|3|S|1
857|Wick, Mrs. George Dennick (Mary Hitchcock)|female|45.0|164.8667|1|S|1
858|Daly, Mr. Peter Denis |male|51.0|26.55|1|S|1
859|Baclini, Mrs. Solomon (Latifa Qurban)|female|24.0|19.2583|3|C|1
860|Razi, Mr. Raihed|male||7.2292|3|C|0
861|Hansen, Mr. Claus Peter|male|41.0|14.1083|3|S|0
862|Giles, Mr. Frederick Edward|male|21.0|11.5|2|S|0
863|Swift, Mrs. Frederick Joel (Margaret Welles Barron)|female|48.0|25.9292|1|S|1
864|"Sage, Miss. Dorothy Edith ""Dolly"""|female||69.55|3|S|0
865|Gill, Mr. John William|male|24.0|13.0|2|S|0
866|Bystrom, Mrs. (Karolina)|female|42.0|13.0|2|S|1
867|Duran y More, Miss. Asuncion|female|27.0|13.8583|2|C|1
868|Roebling, Mr. Washington Augustus II|male|31.0|50.4958|1|S|0
869|van Melkebeke, Mr. Philemon|male||9.5|3|S|0
870|Johnson, Master. Harold Theodor|male|4.0|11.1333|3|S|1
871|Balkic, Mr. Cerin|male|26.0|7.8958|3|S|0
872|Beckwith, Mrs. Richard Leonard (Sallie Monypeny)|female|47.0|52.5542|1|S|1
873|Carlsson, Mr. Frans Olof|male|33.0|5.0|1|S|0
874|Vander Cruyssen, Mr. Victor|male|47.0|9.0|3|S|0
875|Abelson, Mrs. Samuel (Hannah Wizosky)|female|28.0|24.0|2|C|1
876|"Najib, Miss. Adele Kiamie ""Jane"""|female|15.0|7.225|3|C|1
877|Gustafsson, Mr. Alfred Ossian|male|20.0|9.8458|3|S|0
878|Petroff, Mr. Nedelio|male|19.0|7.8958|3|S|0
879|Laleff, Mr. Kristo|male||7.8958|3|S|0
880|Potter, Mrs. Thomas Jr (Lily Alexenia Wilson)|female|56.0|83.1583|1|C|1
881|Shelley, Mrs. William (Imanita Parrish Hall)|female|25.0|26.0|2|S|1
882|Markun, Mr. Johann|male|33.0|7.8958|3|S|0
883|Dahlberg, Miss. Gerda Ulrika|female|22.0|10.5167|3|S|0
884|Banfield, Mr. Frederick James|male|28.0|10.5|2|S|0
885|Sutehall, Mr. Henry Jr|male|25.0|7.05|3|S|0
886|Rice, Mrs. William (Margaret Norton)|female|39.0|29.125|3|Q|0
887|Montvila, Rev. Juozas|male|27.0|13.0|2|S|0
888|Graham, Miss. Margaret Edith|female|19.0|30.0|1|S|1
889|"Johnston, Miss. Catherine Helen ""Carrie"""|female||23.45|3|S|0
890|Behr, Mr. Karl Howell|male|26.0|30.0|1|C|1
891|Dooley, Mr. Patrick|male|32.0|7.75|3|Q|0
